Region,RMSE,MAE,R2,mae_to_adjust
天津市,48.201818464075494,43.3182633028433,0.7410324634362975,43.3182633028433
上海市,145.39966169386003,136.01191358142606,0.7499077092141847,136.01191358142606
海南省,167.0449041425688,131.6,0.75,131.6
宁夏,137.15493756804665,130.20279947970465,0.1657141698024316,130.20279947970465
