Region,RMSE,MAE,R2,mae_to_adjust
福建省,80.32938886862365,72.48535105632618,0.9782303138777024,72.48535105632618
广东省,323.81267285192416,285.51705732495367,0.9753521362207959,285.51705732495367
甘肃省,494.8689580001465,462.857572712853,-4.253459876268895,462.857572712853
青海省,79.42208270085152,74.66039252582807,0.9095058118460615,74.66039252582807
